case_id,correct_finding_0_1,correct_evidence_0_1,correct_rule_0_1,appropriate_action_0_1,honest_uncertainty_0_1,unsupported_fact,latency_ms,reviewer_notes
EX-01,,,,,,,,
EX-02,,,,,,,,
EX-03,,,,,,,,
EX-04,,,,,,,,
EX-05,,,,,,,,
EX-06,,,,,,,,
EX-07,,,,,,,,
EX-08,,,,,,,,
EX-09,,,,,,,,
EX-10,,,,,,,,
EX-11,,,,,,,,
EX-12,,,,,,,,
EX-13,,,,,,,,
EX-14,,,,,,,,
EX-15,,,,,,,,
EX-16,,,,,,,,
EX-17,,,,,,,,
EX-18,,,,,,,,
EX-19,,,,,,,,
EX-20,,,,,,,,
EX-21,,,,,,,,
EX-22,,,,,,,,
EX-23,,,,,,,,
EX-24,,,,,,,,
EX-25,,,,,,,,
