claim_id,authorization_id,patient_id,service_code,status,valid_from,valid_to,max_quantity
CG-7587196E6CDE,AUTH-CG-7587196E6CDE-2,PAT-0296B57942,SVC-IMAGE,approved,2026-04-06,2026-04-26,10
CG-97E4A776D23C,AUTH-CG-97E4A776D23C-2,PAT-5E8DC31470,SVC-IMAGE,approved,2026-06-10,2026-06-30,10
CG-97E4A776D23C,AUTH-CG-97E4A776D23C-3,PAT-5E8DC31470,SVC-THERAPY,approved,2026-06-10,2026-06-30,10
CG-5135630C280F,AUTH-CG-5135630C280F-1,PAT-D383A602CC,SVC-THERAPY,approved,2026-04-11,2026-05-01,10
CG-7E04E8AA1302,AUTH-CG-7E04E8AA1302-1,PAT-5F8FB8C5DE,SVC-IMAGE,approved,2026-03-27,2026-04-16,10
CG-00348A9B1AAD,AUTH-CG-00348A9B1AAD-2,PAT-995EB0AF67,SVC-THERAPY,approved,2026-03-23,2026-04-12,10
CG-354DCD494979,AUTH-CG-354DCD494979-1,PAT-C69050CFB0,SVC-IMAGE,approved,2026-05-13,2026-06-02,10
CG-2B0ACF07D88A,AUTH-CG-2B0ACF07D88A-1,PAT-A8E107873E,SVC-IMAGE,approved,2026-05-05,2026-05-25,10
CG-054661CF5805,AUTH-CG-054661CF5805-1,PAT-C47DE293DA,SVC-THERAPY,approved,2026-04-28,2026-05-18,1
CG-8EEC8918AA09,AUTH-CG-8EEC8918AA09-3,PAT-3BA1447F70,SVC-IMAGE,approved,2026-04-14,2026-05-04,10
CG-038422960ECD,AUTH-CG-038422960ECD-3,PAT-68289F9642,SVC-THERAPY,approved,2026-03-10,2026-03-30,10
CG-F713A8563980,AUTH-CG-F713A8563980-1,PAT-E4358F6E57,SVC-IMAGE,approved,2026-05-12,2026-06-01,10
CG-3F046B4BA734,AUTH-CG-3F046B4BA734-1,PAT-097A963509,SVC-THERAPY,approved,2026-03-19,2026-04-08,10
CG-3BB74A6AB825,AUTH-CG-3BB74A6AB825-1,PAT-9525219F0A,SVC-IMAGE,approved,2026-04-26,2026-05-16,10
CG-2491589ECC74,AUTH-CG-2491589ECC74-1,PAT-2E280AB7DF,SVC-THERAPY,approved,2026-04-16,2026-05-06,10
CG-8C198BF582C6,AUTH-CG-8C198BF582C6-3,PAT-4531B954C0,SVC-THERAPY,approved,2026-03-01,2026-03-21,10
CG-2FCBF37E5FBD,AUTH-CG-2FCBF37E5FBD-1,PAT-66E45087AC,SVC-IMAGE,approved,2026-04-12,2026-05-02,10
CG-23A5D437A4A9,AUTH-CG-23A5D437A4A9-1,PAT-72DCD890D0,SVC-THERAPY,approved,2026-05-05,2026-05-25,10
CG-23A5D437A4A9,AUTH-CG-23A5D437A4A9-3,PAT-72DCD890D0,SVC-IMAGE,approved,2026-05-05,2026-05-25,10
CG-202F923A170A,AUTH-CG-202F923A170A-3,PAT-E5BEE53AAC,SVC-IMAGE,approved,2026-03-10,2026-03-30,10
CG-2B5E771261E7,AUTH-CG-2B5E771261E7-1,PAT-6282282750,SVC-THERAPY,approved,2026-05-24,2026-06-13,10
CG-2B5E771261E7,AUTH-CG-2B5E771261E7-2,PAT-6282282750,SVC-IMAGE,approved,2026-05-24,2026-06-13,10
CG-92768579B3AB,AUTH-CG-92768579B3AB-2,PAT-65E495E584,SVC-IMAGE,approved,2026-03-15,2026-04-04,10
CG-DBCB11FC50EB,AUTH-CG-DBCB11FC50EB-1,PAT-7012CAE9C4,SVC-IMAGE,approved,2026-05-01,2026-05-21,10
CG-207DBBB52405,AUTH-CG-207DBBB52405-2,PAT-D14ADC9654,SVC-IMAGE,approved,2026-05-22,2026-06-11,10
CG-9E18FF8A3824,AUTH-CG-9E18FF8A3824-1,PAT-DC91DF07C9,SVC-THERAPY,approved,2026-03-26,2026-04-15,1
CG-1D7E1508DBDB,AUTH-CG-1D7E1508DBDB-2,PAT-F303B923F4,SVC-IMAGE,approved,2026-06-11,2026-07-01,10
CG-1D7E1508DBDB,AUTH-CG-1D7E1508DBDB-3,PAT-F303B923F4,SVC-THERAPY,approved,2026-06-11,2026-07-01,10
CG-62026B91A676,AUTH-CG-62026B91A676-1,PAT-A5E78D80B0,SVC-THERAPY,approved,2026-03-31,2026-04-20,10
CG-BD6C26696BE5,AUTH-CG-BD6C26696BE5-1,PAT-007ACEF283,SVC-THERAPY,approved,2026-03-27,2026-04-16,1
CG-ACD4FA020800,AUTH-CG-ACD4FA020800-1,PAT-2D0F410DBD,SVC-THERAPY,approved,2026-05-14,2026-06-03,10
CG-B23D5199450F,AUTH-CG-B23D5199450F-1,PAT-341DDC808D,SVC-IMAGE,approved,2026-02-28,2026-03-20,10
