schema_version,claim_id,invoice_number,patient_id,member_id,provider_id,payer_id,policy_id,diagnosis_code,submission_date,currency,total_amount,notes
1.0.0,CG-8756AB9D7AD7,INV-CG-8756AB9D7AD7,PAT-657E845CD1,MEM-657E845CD1,EDU-PROV-03,EDU-PAYER,EDU-PLUS,DX-EDU-01,2026-07-12,SAR,270.0,Synthetic claim. No real patient or payer information.
1.0.0,CG-7587196E6CDE,INV-CG-7587196E6CDE,PAT-0296B57942,MEM-0296B57942,EDU-PROV-02,EDU-PAYER,EDU-BASIC,DX-EDU-06,2026-04-30,SAR,1910,Synthetic claim. No real patient or payer information.
1.0.0,CG-97E4A776D23C,INV-CG-97E4A776D23C,PAT-5E8DC31470,MEM-5E8DC31470,EDU-PROV-01,EDU-PAYER,EDU-BASIC,DX-EDU-01,2026-06-21,SAR,1600,Synthetic claim. No real patient or payer information.
1.0.0,CG-5135630C280F,INV-CG-5135630C280F,PAT-D383A602CC,MEM-D383A602CC,EDU-PROV-01,EDU-PAYER,EDU-PLUS,DX-EDU-05,2026-04-26,SAR,510,Synthetic claim. No real patient or payer information.
1.0.0,CG-7E04E8AA1302,INV-CG-7E04E8AA1302,PAT-5F8FB8C5DE,MEM-5F8FB8C5DE,EDU-PROV-01,EDU-PAYER,EDU-BASIC,DX-EDU-02,2026-04-19,SAR,1500,Synthetic claim. No real patient or payer information.
1.0.0,CG-850E6A149B29,INV-CG-850E6A149B29,PAT-B337EC4706,MEM-B337EC4706,EDU-PROV-03,EDU-PAYER,EDU-BASIC,DX-EDU-02,2026-05-02,SAR,180,Synthetic claim. No real patient or payer information.
1.0.0,CG-00348A9B1AAD,INV-CG-00348A9B1AAD,PAT-995EB0AF67,MEM-995EB0AF67,EDU-PROV-01,EDU-PAYER,EDU-PLUS,DX-EDU-04,2026-04-18,SAR,1150,Synthetic claim. No real patient or payer information.
1.0.0,CG-26199A1CCC27,INV-CG-26199A1CCC27,PAT-AE895E85F4,MEM-AE895E85F4,EDU-PROV-01,EDU-PAYER,EDU-BASIC,DX-EDU-02,2026-07-10,SAR,425,Synthetic claim. No real patient or payer information.
1.0.0,CG-354DCD494979,INV-CG-354DCD494979,PAT-C69050CFB0,MEM-C69050CFB0,EDU-PROV-02,EDU-PAYER,EDU-PLUS,DX-EDU-05,2026-05-27,SAR,1500,Synthetic claim. No real patient or payer information.
1.0.0,CG-2B0ACF07D88A,INV-CG-2B0ACF07D88A,PAT-A8E107873E,MEM-A8E107873E,EDU-PROV-03,EDU-PAYER,EDU-PLUS,DX-EDU-01,2026-05-21,SAR,1500,Synthetic claim. No real patient or payer information.
1.0.0,CG-A05D3E082491,INV-CG-A05D3E082491,PAT-91952B260F,MEM-91952B260F,EDU-PROV-02,EDU-PAYER,EDU-PLUS,DX-EDU-06,2026-05-09,SAR,260,Synthetic claim. No real patient or payer information.
1.0.0,CG-054661CF5805,INV-CG-054661CF5805,PAT-C47DE293DA,MEM-C47DE293DA,EDU-PROV-01,EDU-PAYER,EDU-PLUS,DX-EDU-01,2026-05-19,SAR,480,Synthetic claim. No real patient or payer information.
1.0.0,CG-8EEC8918AA09,INV-CG-8EEC8918AA09,PAT-3BA1447F70,MEM-3BA1447F70,EDU-PROV-03,EDU-PAYER,EDU-BASIC,DX-EDU-01,2026-05-11,SAR,1840,Synthetic claim. No real patient or payer information.
1.0.0,CG-E588E0564BAA,INV-CG-E588E0564BAA,PAT-3EBBAB8FE6,MEM-3EBBAB8FE6,EDU-PROV-03,EDU-PAYER,EDU-BASIC,DX-EDU-04,2026-06-09,SAR,400,Synthetic claim. No real patient or payer information.
1.0.0,CG-04393DD49FF5,INV-CG-04393DD49FF5,PAT-9108E47FB9,MEM-9108E47FB9,EDU-PROV-01,EDU-PAYER,EDU-PLUS,DX-EDU-03,2026-05-10,SAR,1050,Synthetic claim. No real patient or payer information.
1.0.0,CG-612396496085,INV-CG-612396496085,PAT-6F158B6326,MEM-6F158B6326,EDU-PROV-02,EDU-PAYER,EDU-PLUS,DX-EDU-02,2026-04-16,SAR,980,Synthetic claim. No real patient or payer information.
1.0.0,CG-038422960ECD,INV-CG-038422960ECD,PAT-68289F9642,MEM-68289F9642,EDU-PROV-01,EDU-PAYER,EDU-NO-POLICY,DX-EDU-04,2026-04-04,SAR,1530,Synthetic claim. No real patient or payer information.
1.0.0,CG-F713A8563980,INV-CG-F713A8563980,PAT-E4358F6E57,MEM-E4358F6E57,EDU-PROV-01,EDU-PAYER,EDU-PLUS,DX-EDU-02,2026-05-28,SAR,-1520,Synthetic claim. No real patient or payer information.
1.0.0,CG-3F046B4BA734,INV-CG-3F046B4BA734,PAT-097A963509,MEM-097A963509,EDU-PROV-02,EDU-PAYER,EDU-BASIC,DX-EDU-02,2026-04-15,SAR,-260,Synthetic claim. No real patient or payer information.
1.0.0,CG-3BB74A6AB825,INV-CG-3BB74A6AB825,PAT-9525219F0A,MEM-9525219F0A,EDU-PROV-01,EDU-PAYER,EDU-PLUS,DX-EDU-05,2026-05-14,SAR,1510.01,Synthetic claim. No real patient or payer information.
1.0.0,CG-2491589ECC74,INV-CG-2491589ECC74,PAT-2E280AB7DF,MEM-2E280AB7DF,EDU-PROV-03,EDU-PAYER,EDU-PLUS,DX-EDU-01,2026-05-05,SAR,530.01,Synthetic claim. No real patient or payer information.
1.0.0,CG-C111DCA7EC84,INV-CG-C111DCA7EC84,PAT-3B211C0994,MEM-3B211C0994,EDU-PROV-02,EDU-PAYER,EDU-PLUS,DX-EDU-05,2026-06-11,SAR,60,Synthetic claim. No real patient or payer information.
1.0.0,CG-0311BE7EAAC9,INV-CG-0311BE7EAAC9,PAT-EBDDC9B25E,MEM-EBDDC9B25E,EDU-PROV-02,EDU-PAYER,EDU-BASIC,DX-EDU-03,2026-04-02,SAR,400,Synthetic claim. No real patient or payer information.
1.0.0,CG-52143D1EA474,INV-CG-52143D1EA474,PAT-EE66885D74,MEM-EE66885D74,EDU-PROV-01,EDU-PAYER,EDU-PLUS,DX-EDU-03,2026-03-13,SAR,200,Synthetic claim. No real patient or payer information.
1.0.0,CG-8C198BF582C6,INV-CG-8C198BF582C6,PAT-4531B954C0,MEM-4531B954C0,EDU-PROV-02,EDU-PAYER,EDU-PLUS,DX-EDU-06,2026-05-10,SAR,570,Synthetic claim. No real patient or payer information.
1.0.0,CG-2FCBF37E5FBD,INV-CG-2FCBF37E5FBD,PAT-66E45087AC,MEM-66E45087AC,EDU-PROV-02,EDU-PAYER,EDU-BASIC,DX-EDU-06,2026-05-01,SAR,1500,Synthetic claim. No real patient or payer information.
1.0.0,CG-DF721A5D1E2F,INV-CG-DF721A5D1E2F,PAT-3B0E7A1897,MEM-3B0E7A1897,EDU-PROV-03,EDU-PAYER,EDU-BASIC,DX-EDU-02,2026-06-25,SAR,340,Synthetic claim. No real patient or payer information.
1.0.0,CG-EF173B4C1D09,INV-CG-EF173B4C1D09,PAT-E4BA73BC6E,MEM-E4BA73BC6E,EDU-PROV-02,EDU-PAYER,EDU-PLUS,DX-EDU-01,2026-05-20,SAR,610,Synthetic claim. No real patient or payer information.
1.0.0,CG-23A5D437A4A9,INV-CG-23A5D437A4A9,PAT-72DCD890D0,MEM-72DCD890D0,EDU-PROV-01,EDU-PAYER,EDU-PLUS,DX-EDU-03,2026-05-22,SAR,2580,Synthetic claim. No real patient or payer information.
1.0.0,CG-996DEA01B4A1,INV-CG-996DEA01B4A1,PAT-9C94E3F79D,MEM-9C94E3F79D,EDU-PROV-01,EDU-PAYER,EDU-PLUS,DX-EDU-02,2026-04-11,SAR,490,Synthetic claim. No real patient or payer information.
1.0.0,CG-D4B987733309,INV-CG-D4B987733309,PAT-1945360B61,MEM-1945360B61,EDU-PROV-03,EDU-PAYER,EDU-BASIC,DX-EDU-03,2026-03-17,SAR,480,Synthetic claim. No real patient or payer information.
1.0.0,CG-2B9F39D945C2,INV-CG-2B9F39D945C2,PAT-2A631AF9B6,MEM-2A631AF9B6,EDU-PROV-02,EDU-PAYER,EDU-BASIC,DX-EDU-06,2026-04-28,SAR,1070,Synthetic claim. No real patient or payer information.
1.0.0,CG-202F923A170A,INV-CG-202F923A170A,PAT-E5BEE53AAC,MEM-E5BEE53AAC,EDU-PROV-01,EDU-PAYER,EDU-PLUS,DX-EDU-02,2026-04-04,SAR,1830.0,Synthetic claim. No real patient or payer information.
1.0.0,CG-1BEA4D370038,INV-CG-1BEA4D370038,PAT-B7228801CC,MEM-B7228801CC,EDU-PROV-02,EDU-PAYER,EDU-PLUS,DX-EDU-03,2026-08-26,SAR,190,Synthetic claim. No real patient or payer information.
1.0.0,CG-1C949E7B563E,INV-CG-1C949E7B563E,PAT-2185881962,MEM-2185881962,EDU-PROV-03,EDU-PAYER,EDU-BASIC,DX-EDU-06,2026-07-05,SAR,105.0,Synthetic claim. No real patient or payer information.
1.0.0,CG-EC233ACB399D,INV-CG-EC233ACB399D,PAT-32AD10D8B0,MEM-32AD10D8B0,EDU-PROV-03,EDU-PAYER,EDU-BASIC,DX-EDU-06,2026-07-02,SAR,1680,Synthetic claim. No real patient or payer information.
1.0.0,CG-A1B506BFE51C,INV-CG-A1B506BFE51C,PAT-23A0874E0D,MEM-23A0874E0D,EDU-PROV-01,EDU-PAYER,EDU-BASIC,DX-EDU-01,2026-06-08,SAR,425,Synthetic claim. No real patient or payer information.
1.0.0,CG-2B5E771261E7,INV-CG-2B5E771261E7,PAT-6282282750,MEM-6282282750,EDU-PROV-01,EDU-PAYER,EDU-PLUS,DX-EDU-01,2026-06-18,SAR,2260,Synthetic claim. No real patient or payer information.
1.0.0,CG-B024D048639B,INV-CG-B024D048639B,PAT-9E4EA5DD3D,MEM-9E4EA5DD3D,EDU-PROV-02,EDU-PAYER,EDU-PLUS,DX-EDU-04,2026-05-05,SAR,425,Synthetic claim. No real patient or payer information.
1.0.0,CG-92768579B3AB,INV-CG-92768579B3AB,PAT-65E495E584,MEM-65E495E584,EDU-PROV-01,EDU-PAYER,EDU-BASIC,DX-EDU-06,2026-04-08,SAR,1570,Synthetic claim. No real patient or payer information.
1.0.0,CG-DBCB11FC50EB,INV-CG-DBCB11FC50EB,PAT-7012CAE9C4,MEM-7012CAE9C4,EDU-PROV-02,EDU-PAYER,EDU-BASIC,DX-EDU-03,2026-05-17,SAR,1500,Synthetic claim. No real patient or payer information.
1.0.0,CG-F0682289675B,INV-CG-F0682289675B,PAT-1B5A56F666,MEM-1B5A56F666,EDU-PROV-01,EDU-PAYER,EDU-BASIC,DX-EDU-02,2026-04-21,SAR,400,Synthetic claim. No real patient or payer information.
1.0.0,CG-207DBBB52405,INV-CG-207DBBB52405,PAT-D14ADC9654,MEM-D14ADC9654,EDU-PROV-03,EDU-PAYER,EDU-NO-POLICY,DX-EDU-02,2026-06-03,SAR,2610,Synthetic claim. No real patient or payer information.
1.0.0,CG-9E18FF8A3824,INV-CG-9E18FF8A3824,PAT-DC91DF07C9,MEM-DC91DF07C9,EDU-PROV-01,EDU-PAYER,EDU-BASIC,DX-EDU-05,2026-04-10,SAR,480,Synthetic claim. No real patient or payer information.
1.0.0,CG-1D7E1508DBDB,INV-CG-1D7E1508DBDB,PAT-F303B923F4,MEM-F303B923F4,EDU-PROV-02,EDU-PAYER,EDU-PLUS,DX-EDU-02,2026-07-06,SAR,1870.01,Synthetic claim. No real patient or payer information.
1.0.0,CG-62026B91A676,INV-CG-62026B91A676,PAT-A5E78D80B0,MEM-A5E78D80B0,EDU-PROV-03,EDU-PAYER,EDU-NO-POLICY,DX-EDU-04,2026-04-13,SAR,240,Synthetic claim. No real patient or payer information.
1.0.0,CG-27B8D46F9B08,INV-CG-27B8D46F9B08,PAT-82A41BA5EC,MEM-82A41BA5EC,EDU-PROV-03,EDU-PAYER,EDU-BASIC,DX-EDU-06,2026-06-21,SAR,160,Synthetic claim. No real patient or payer information.
1.0.0,CG-BD6C26696BE5,INV-CG-BD6C26696BE5,PAT-007ACEF283,MEM-007ACEF283,EDU-PROV-02,EDU-PAYER,EDU-PLUS,DX-EDU-06,2026-04-15,SAR,480,Synthetic claim. No real patient or payer information.
1.0.0,CG-ACD4FA020800,INV-CG-ACD4FA020800,PAT-2D0F410DBD,MEM-2D0F410DBD,EDU-PROV-02,EDU-PAYER,EDU-PLUS,DX-EDU-03,2026-05-25,SAR,250,Synthetic claim. No real patient or payer information.
1.0.0,CG-B23D5199450F,INV-CG-B23D5199450F,PAT-341DDC808D,MEM-341DDC808D,EDU-PROV-02,EDU-PAYER,EDU-NO-POLICY,DX-EDU-06,2026-03-16,SAR,2500,Synthetic claim. No real patient or payer information.
