claim_id,coverage_id,status,beneficiary_patient_id,member_id,start_date,end_date
CG-8756AB9D7AD7,COV-CG-8756AB9D7AD7,active,PAT-657E845CD1,MEM-657E845CD1,2026-01-01,2026-12-31
CG-7587196E6CDE,COV-CG-7587196E6CDE,active,PAT-0296B57942,MEM-0296B57942,2026-01-01,
CG-97E4A776D23C,COV-CG-97E4A776D23C,active,PAT-5E8DC31470,MEM-5E8DC31470,2026-01-01,2026-12-31
CG-5135630C280F,COV-CG-5135630C280F,active,PAT-D383A602CC,MEM-D383A602CC,2026-01-01,2026-12-31
CG-7E04E8AA1302,COV-CG-7E04E8AA1302,active,PAT-5F8FB8C5DE,MEM-5F8FB8C5DE,2026-01-01,2026-12-31
CG-850E6A149B29,COV-CG-850E6A149B29,active,PAT-B337EC4706,MEM-B337EC4706,2026-04-18,2026-04-18
CG-00348A9B1AAD,COV-CG-00348A9B1AAD,active,PAT-995EB0AF67,MEM-995EB0AF67,2026-01-01,2026-12-31
CG-26199A1CCC27,COV-CG-26199A1CCC27,active,PAT-AE895E85F4,MEM-AE895E85F4,2026-01-01,2026-12-31
CG-354DCD494979,COV-CG-354DCD494979,active,PAT-C69050CFB0,MEM-C69050CFB0,2026-01-01,2026-12-31
CG-2B0ACF07D88A,COV-CG-2B0ACF07D88A,active,PAT-A8E107873E,MEM-A8E107873E,2026-01-01,2026-12-31
CG-A05D3E082491,COV-CG-A05D3E082491,active,PAT-91952B260F,MEM-91952B260F,2026-01-01,2026-12-31
CG-054661CF5805,COV-CG-054661CF5805,active,PAT-C47DE293DA,MEM-C47DE293DA,2026-01-01,2026-12-31
CG-8EEC8918AA09,COV-CG-8EEC8918AA09,active,PAT-3BA1447F70,MEM-3BA1447F70,2026-01-01,2026-12-31
CG-E588E0564BAA,COV-CG-E588E0564BAA,active,PAT-3EBBAB8FE6,MEM-3EBBAB8FE6,2026-01-01,2026-12-31
CG-04393DD49FF5,COV-CG-04393DD49FF5,active,PAT-9108E47FB9,MEM-9108E47FB9,2026-01-01,2026-12-31
CG-612396496085,COV-CG-612396496085,active,PAT-6F158B6326,MEM-6F158B6326,2026-01-01,
CG-038422960ECD,COV-CG-038422960ECD,active,PAT-68289F9642,MEM-68289F9642,2026-01-01,2026-12-31
CG-F713A8563980,COV-CG-F713A8563980,active,PAT-E4358F6E57,MEM-E4358F6E57,2026-01-01,2026-12-31
CG-3F046B4BA734,COV-CG-3F046B4BA734,active,PAT-097A963509,MEM-097A963509,2026-01-01,2026-12-31
CG-3BB74A6AB825,COV-CG-3BB74A6AB825,active,PAT-9525219F0A,MEM-9525219F0A,2026-01-01,2026-12-31
CG-2491589ECC74,COV-CG-2491589ECC74,active,PAT-2E280AB7DF,MEM-2E280AB7DF,2026-01-01,2026-12-31
CG-C111DCA7EC84,COV-CG-C111DCA7EC84,active,PAT-3B211C0994,MEM-3B211C0994,2026-01-01,2026-12-31
CG-0311BE7EAAC9,COV-CG-0311BE7EAAC9,active,PAT-EBDDC9B25E,MEM-EBDDC9B25E,2026-01-01,2026-12-31
CG-52143D1EA474,COV-CG-52143D1EA474,active,PAT-EE66885D74,MEM-EE66885D74,2026-03-11,2026-03-11
CG-8C198BF582C6,COV-CG-8C198BF582C6,active,PAT-4531B954C0,MEM-4531B954C0,2026-01-01,2026-12-31
CG-2FCBF37E5FBD,COV-CG-2FCBF37E5FBD,active,PAT-66E45087AC,MEM-66E45087AC,2026-01-01,2026-12-31
CG-DF721A5D1E2F,COV-CG-DF721A5D1E2F,active,PAT-3B0E7A1897,MEM-3B0E7A1897,2026-01-01,2026-12-31
CG-EF173B4C1D09,COV-CG-EF173B4C1D09,active,PAT-E4BA73BC6E,MEM-E4BA73BC6E,2026-01-01,2026-12-31
CG-23A5D437A4A9,COV-CG-23A5D437A4A9,active,PAT-72DCD890D0,MEM-72DCD890D0,2026-01-01,
CG-996DEA01B4A1,COV-CG-996DEA01B4A1,active,PAT-9C94E3F79D,MEM-9C94E3F79D,2026-01-01,
CG-D4B987733309,COV-CG-D4B987733309,cancelled,PAT-1945360B61,MEM-1945360B61,2026-01-01,2026-12-31
CG-2B9F39D945C2,COV-CG-2B9F39D945C2,cancelled,PAT-2A631AF9B6,MEM-2A631AF9B6,2026-01-01,2026-12-31
CG-202F923A170A,COV-CG-202F923A170A,active,PAT-E5BEE53AAC,MEM-E5BEE53AAC,2026-01-01,2026-12-31
CG-1BEA4D370038,COV-CG-1BEA4D370038,active,PAT-B7228801CC,MEM-B7228801CC,2026-01-01,2026-12-31
CG-1C949E7B563E,COV-CG-1C949E7B563E,active,PAT-2185881962,MEM-2185881962,2026-01-01,2026-12-31
CG-EC233ACB399D,COV-CG-EC233ACB399D,active,PAT-32AD10D8B0,MEM-32AD10D8B0,2026-01-01,2026-12-31
CG-A1B506BFE51C,COV-CG-A1B506BFE51C,active,PAT-23A0874E0D,MEM-23A0874E0D,2026-01-01,2026-12-31
CG-2B5E771261E7,COV-CG-2B5E771261E7,active,PAT-6282282750,MEM-6282282750,2026-01-01,2026-12-31
CG-B024D048639B,COV-CG-B024D048639B,active,PAT-9E4EA5DD3D,MEM-9E4EA5DD3D,2026-01-01,2026-12-31
CG-92768579B3AB,COV-CG-92768579B3AB,active,PAT-65E495E584,MEM-65E495E584,2026-01-01,2026-12-31
CG-DBCB11FC50EB,COV-CG-DBCB11FC50EB,active,PAT-7012CAE9C4,MEM-7012CAE9C4,2026-01-01,2026-12-31
CG-F0682289675B,COV-CG-F0682289675B,active,PAT-1B5A56F666,MEM-1B5A56F666,2026-01-01,2026-12-31
CG-207DBBB52405,COV-CG-207DBBB52405,active,PAT-D14ADC9654,MEM-D14ADC9654,2026-01-01,2026-12-31
CG-9E18FF8A3824,COV-CG-9E18FF8A3824,active,PAT-DC91DF07C9,MEM-DC91DF07C9,2026-01-01,2026-12-31
CG-1D7E1508DBDB,COV-CG-1D7E1508DBDB,active,PAT-F303B923F4,MEM-F303B923F4,2026-01-01,2026-12-31
CG-62026B91A676,COV-CG-62026B91A676,active,PAT-A5E78D80B0,MEM-A5E78D80B0,2026-01-01,2026-12-31
CG-27B8D46F9B08,COV-CG-27B8D46F9B08,cancelled,PAT-82A41BA5EC,MEM-82A41BA5EC,2026-01-01,2026-12-31
CG-BD6C26696BE5,COV-CG-BD6C26696BE5,active,PAT-007ACEF283,MEM-007ACEF283,2026-01-01,2026-12-31
CG-ACD4FA020800,COV-CG-ACD4FA020800,active,PAT-2D0F410DBD,MEM-2D0F410DBD,2026-05-24,2026-05-24
CG-B23D5199450F,COV-CG-B23D5199450F,active,PAT-341DDC808D,MEM-341DDC808D,2026-01-01,2026-12-31
