claim_id,line_id,service_code,service_date,modifier,quantity,unit_price,net_amount,authorization_id
CG-8756AB9D7AD7,L1,SVC-CONSULT,2026-06-24,,1.5,180,270.0,
CG-7587196E6CDE,L1,SVC-DENTAL,2026-04-16,,1,400,400,
CG-7587196E6CDE,L2,SVC-IMAGE,2026-04-16,,1,1510,1510,AUTH-CG-7587196E6CDE-2
CG-97E4A776D23C,L1,SVC-CONSULT,2026-06-20,,-1,180,-180,
CG-97E4A776D23C,L2,SVC-IMAGE,2026-06-20,,1,1520,1520,AUTH-CG-97E4A776D23C-2
CG-97E4A776D23C,L3,SVC-THERAPY,2026-06-20,,1,260,260,AUTH-CG-97E4A776D23C-3
CG-5135630C280F,L1,SVC-THERAPY,2026-04-21,,1,,250,AUTH-CG-5135630C280F-1
CG-5135630C280F,L2,SVC-LAB,2026-04-21,,2,130,260,
CG-7E04E8AA1302,L1,SVC-IMAGE,2026-04-06,,1,1500,1500,AUTH-CG-7E04E8AA1302-1
CG-850E6A149B29,L1,SVC-CONSULT,2026-04-18,,1,180,180,
CG-00348A9B1AAD,L1,SVC-LAB,2026-04-02,,2,120,240,
CG-00348A9B1AAD,L2,SVC-THERAPY,2026-04-02,,2,240,480,AUTH-CG-00348A9B1AAD-2
CG-00348A9B1AAD,L3,SVC-CONSULT,2026-04-02,,1,190,190,
CG-00348A9B1AAD,L4,SVC-LAB,2026-04-02,EDU-SEPARATE,2,120,240,
CG-26199A1CCC27,L1,SVC-DENTAL,2026-06-25,,1,400,400,
CG-354DCD494979,L1,SVC-IMAGE,2026-05-23,,1,1500,1500,AUTH-CG-354DCD494979-1
CG-2B0ACF07D88A,L1,SVC-IMAGE,2026-05-15,,1,1500,1500,AUTH-CG-2B0ACF07D88A-1
CG-A05D3E082491,L1,SVC-LAB,2026-03-10,,1,120,120,
CG-A05D3E082491,L2,SVC-PHARM,2026-03-10,,2,70,140,
CG-054661CF5805,L1,SVC-THERAPY,2026-05-08,,2,240,480,AUTH-CG-054661CF5805-1
CG-8EEC8918AA09,L1,SVC-LAB,2026-04-24,,1,,140,
CG-8EEC8918AA09,L2,SVC-CONSULT,2026-04-24,,1,200,200,
CG-8EEC8918AA09,L3,SVC-IMAGE,2026-04-24,,1,1500,1500,AUTH-CG-8EEC8918AA09-3
CG-E588E0564BAA,L1,SVC-DENTAL,2026-05-21,,1,400,400,
CG-04393DD49FF5,L1,SVC-CONSULT,,,1,190,190,
CG-04393DD49FF5,L2,SVC-PHARM,2026-05-09,,1,60,60,
CG-04393DD49FF5,L3,SVC-DENTAL,2026-05-09,,2,400,800,
CG-612396496085,L1,SVC-DENTAL,2026-03-30,,2,410,820,
CG-612396496085,L2,SVC-PHARM,2026-03-30,,2,80,160,
CG-038422960ECD,L1,SVC-DENTAL,2026-03-20,,2,420,840,
CG-038422960ECD,L2,SVC-CONSULT,2026-03-20,,1,190,190,
CG-038422960ECD,L3,SVC-THERAPY,2026-03-20,,2,250,500,AUTH-CG-038422960ECD-3
CG-F713A8563980,L1,SVC-IMAGE,2026-05-22,,-1,1520,-1520,AUTH-CG-F713A8563980-1
CG-3F046B4BA734,L1,SVC-THERAPY,2026-03-29,,-1,260,-260,AUTH-CG-3F046B4BA734-1
CG-3BB74A6AB825,L1,SVC-IMAGE,2026-05-06,,1,1510,1510,AUTH-CG-3BB74A6AB825-1
CG-2491589ECC74,L1,SVC-THERAPY,2026-04-26,,1,250,250,AUTH-CG-2491589ECC74-1
CG-2491589ECC74,L2,SVC-LAB,2026-04-26,,2,140,280,
CG-C111DCA7EC84,L1,SVC-PHARM,,,1,60,60,
CG-0311BE7EAAC9,L1,SVC-DENTAL,2026-03-25,,1,400,400,
CG-52143D1EA474,L1,SVC-LAB,2026-03-11,,1,120,120,
CG-52143D1EA474,L2,SVC-PHARM,2026-03-11,,1,80,80,
CG-8C198BF582C6,L1,SVC-LAB,2026-03-11,,2,130,260,
CG-8C198BF582C6,L2,SVC-PHARM,2026-03-11,,1,70,70,
CG-8C198BF582C6,L3,SVC-THERAPY,2026-03-11,,1,240,240,AUTH-CG-8C198BF582C6-3
CG-2FCBF37E5FBD,L1,SVC-IMAGE,,,1,1500,1500,AUTH-CG-2FCBF37E5FBD-1
CG-DF721A5D1E2F,L1,SVC-PHARM,,,1,80,80,
CG-DF721A5D1E2F,L2,SVC-LAB,2026-06-20,,2,130,260,
CG-EF173B4C1D09,L1,SVC-CONSULT,2026-05-17,,1,,190,
CG-EF173B4C1D09,L2,SVC-DENTAL,2026-05-17,,1,420,420,
CG-23A5D437A4A9,L1,SVC-THERAPY,2026-05-15,,1,240,240,AUTH-CG-23A5D437A4A9-1
CG-23A5D437A4A9,L2,SVC-DENTAL,2026-05-15,,2,420,840,
CG-23A5D437A4A9,L3,SVC-IMAGE,2026-05-15,,1,1500,1500,AUTH-CG-23A5D437A4A9-3
CG-996DEA01B4A1,L1,SVC-DENTAL,2026-04-07,,1,410,410,
CG-996DEA01B4A1,L2,SVC-PHARM,2026-04-07,,1,80,80,
CG-D4B987733309,L1,SVC-CONSULT,2026-03-14,,1,190,190,
CG-D4B987733309,L2,SVC-PHARM,2026-03-14,,2,80,160,
CG-D4B987733309,L3,SVC-LAB,2026-03-14,,1,130,130,
CG-2B9F39D945C2,L1,SVC-DENTAL,2026-04-10,,2,410,820,
CG-2B9F39D945C2,L2,SVC-CONSULT,2026-04-10,,1,190,190,
CG-2B9F39D945C2,L3,SVC-PHARM,2026-04-10,,1,60,60,
CG-202F923A170A,L1,SVC-CONSULT,2026-03-20,,1.5,180,270.0,
CG-202F923A170A,L2,SVC-PHARM,2026-03-20,,1,60,60,
CG-202F923A170A,L3,SVC-IMAGE,2026-03-20,,1,1500,1500,AUTH-CG-202F923A170A-3
CG-1BEA4D370038,L1,SVC-CONSULT,2026-06-27,,1,190,190,
CG-1C949E7B563E,L1,SVC-PHARM,2026-06-21,,1.5,70,105.0,
CG-EC233ACB399D,L1,SVC-DENTAL,2026-06-25,,2,420,840,
CG-EC233ACB399D,L2,SVC-DENTAL,2026-06-25,EDU-SEPARATE,2,420,840,
CG-A1B506BFE51C,L1,SVC-DENTAL,2026-05-30,,1,400,400,
CG-2B5E771261E7,L1,SVC-THERAPY,2026-06-03,,1,250,250,AUTH-CG-2B5E771261E7-1
CG-2B5E771261E7,L2,SVC-IMAGE,2026-06-03,,1,1520,1520,AUTH-CG-2B5E771261E7-2
CG-2B5E771261E7,L3,SVC-LAB,2026-06-03,,2,120,240,
CG-2B5E771261E7,L4,SVC-THERAPY,2026-06-03,EDU-SEPARATE,1,250,250,AUTH-CG-2B5E771261E7-1
CG-B024D048639B,L1,SVC-DENTAL,2026-04-20,,1,400,400,
CG-92768579B3AB,L1,SVC-PHARM,2026-03-25,,1,,60,
CG-92768579B3AB,L2,SVC-IMAGE,2026-03-25,,1,1510,1510,AUTH-CG-92768579B3AB-2
CG-DBCB11FC50EB,L1,SVC-IMAGE,2026-05-11,,1,1500,1500,AUTH-CG-DBCB11FC50EB-1
CG-F0682289675B,L1,SVC-DENTAL,2026-04-03,,1,400,400,
CG-207DBBB52405,L1,SVC-LAB,2026-06-01,,2,140,280,
CG-207DBBB52405,L2,SVC-IMAGE,2026-06-01,,1,1510,1510,AUTH-CG-207DBBB52405-2
CG-207DBBB52405,L3,SVC-DENTAL,2026-06-01,,2,410,820,
CG-9E18FF8A3824,L1,SVC-THERAPY,2026-04-05,,2,240,480,AUTH-CG-9E18FF8A3824-1
CG-1D7E1508DBDB,L1,SVC-LAB,2026-06-21,,1,130,130,
CG-1D7E1508DBDB,L2,SVC-IMAGE,2026-06-21,,1,1500,1500,AUTH-CG-1D7E1508DBDB-2
CG-1D7E1508DBDB,L3,SVC-THERAPY,2026-06-21,,1,240,240,AUTH-CG-1D7E1508DBDB-3
CG-62026B91A676,L1,SVC-THERAPY,2026-04-10,,1,240,240,AUTH-CG-62026B91A676-1
CG-27B8D46F9B08,L1,SVC-PHARM,2026-06-08,,2,80,160,
CG-BD6C26696BE5,L1,SVC-THERAPY,2026-04-06,,2,240,480,AUTH-CG-BD6C26696BE5-1
CG-ACD4FA020800,L1,SVC-THERAPY,2026-05-24,,1,250,250,AUTH-CG-ACD4FA020800-1
CG-B23D5199450F,L1,SVC-IMAGE,2026-03-10,,1,1500,1500,AUTH-CG-B23D5199450F-1
CG-B23D5199450F,L2,SVC-CONSULT,2026-03-10,,1,180,180,
CG-B23D5199450F,L3,SVC-DENTAL,2026-03-10,,2,410,820,
